{"cameraMode":{"drawMode":0,"name":"Shaded","section":"Shading Mode"},"sceneLighting":true,"audioPlay":false,"sceneViewState":{"showFog":true,"showMaterialUpdate":false,"showSkybox":true,"showFlares":true,"showImageEffects":true,"showParticleSystems":true,"showVisualEffectGraphs":true,"m_FxEnabled":true},"in2DMode":false,"pivot":{"x":11.51252555847168,"y":11.310853958129883,"z":4.781970977783203},"rotation":{"x":0.14941394329071046,"y":0.01779700629413128,"z":-0.0026897562202066185,"w":0.9886109232902527},"size":16.46633529663086,"orthographic":false}